{"cameraMode":{"drawMode":0,"name":"Shaded","section":"Shading Mode"},"sceneLighting":false,"audioPlay":false,"sceneViewState":{"showFog":false,"showMaterialUpdate":false,"showSkybox":false,"showFlares":false,"showImageEffects":false,"showParticleSystems":true},"in2DMode":false,"pivot":{"x":0.15777438879013062,"y":0.1139337494969368,"z":-0.35586851835250857},"rotation":{"x":0.0023241336457431318,"y":0.9911853075027466,"z":0.017535056918859483,"w":-0.13129641115665437},"size":4.812620162963867,"orthographic":true}