{"cameraMode":{"drawMode":0,"name":"Shaded","section":"Shading Mode"},"sceneLighting":false,"audioPlay":false,"sceneViewState":{"showFog":false,"showMaterialUpdate":false,"showSkybox":false,"showFlares":false,"showImageEffects":false,"showParticleSystems":true},"in2DMode":false,"pivot":{"x":0.13956499099731446,"y":1.9016543626785279,"z":0.6475133895874023},"rotation":{"x":0.011617944575846196,"y":0.8781365752220154,"z":-0.02135205641388893,"w":0.47779202461242678},"size":8.53303050994873,"orthographic":false}