{"cameraMode":{"drawMode":0,"name":"Shaded","section":"Shading Mode"},"sceneLighting":false,"audioPlay":false,"sceneViewState":{"showFog":false,"showMaterialUpdate":false,"showSkybox":false,"showFlares":false,"showImageEffects":false,"showParticleSystems":true},"in2DMode":false,"pivot":{"x":-81.25,"y":5.050000190734863,"z":41.400001525878909},"rotation":{"x":-0.0066100312396883968,"y":0.9925316572189331,"z":-0.06292242556810379,"w":-0.10429827123880387},"size":0.28579309582710268,"orthographic":true}